<?xml version="1.0" encoding="UTF-8"?>
<project-private xmlns="http://www.netbeans.org/ns/project-private/1">
    <editor-bookmarks xmlns="http://www.netbeans.org/ns/editor-bookmarks/2" lastBookmarkId="0"/>
    <open-files xmlns="http://www.netbeans.org/ns/projectui-open-files/2">
        <group>
            <file>file:/C:/Users/kenne/Desktop/Laboratorio%206/web/succes.jsp</file>
            <file>file:/C:/Users/kenne/Desktop/Laboratorio%206/web/index.html</file>
            <file>file:/C:/Users/kenne/Desktop/Laboratorio%206/web/error.jsp</file>
            <file>file:/C:/Users/kenne/Desktop/Laboratorio%206/src/java/week7/controllers/LoginController.java</file>
            <file>file:/C:/Users/kenne/Desktop/Laboratorio%206/src/java/week7/controllers/SuccessController.java</file>
            <file>file:/C:/Users/kenne/Desktop/Laboratorio%206/src/java/week7/models/user.java</file>
            <file>file:/C:/Users/kenne/Desktop/Laboratorio%206/web/login.jsp</file>
            <file>file:/C:/Users/kenne/Desktop/Laboratorio%206/src/java/week7/models/Authentication.java</file>
            <file>file:/C:/Users/kenne/Desktop/Laboratorio%206/src/java/week7/controllers/LogoutController.java</file>
        </group>
    </open-files>
</project-private>
