<?xml version="1.0" encoding="UTF-8"?>
<project-private xmlns="http://www.netbeans.org/ns/project-private/1">
    <editor-bookmarks xmlns="http://www.netbeans.org/ns/editor-bookmarks/2" lastBookmarkId="0"/>
    <open-files xmlns="http://www.netbeans.org/ns/projectui-open-files/2">
        <group>
            <file>file:/C:/Users/kenne/Desktop/Laboratorio5/src/java/Laboratorio4/models/Authentication.java</file>
            <file>file:/C:/Users/kenne/Desktop/Laboratorio5/src/java/Laboratorio4/models/User.java</file>
            <file>file:/C:/Users/kenne/Desktop/Laboratorio5/web/login.jsp</file>
            <file>file:/C:/Users/kenne/Desktop/Laboratorio5/src/java/Laboratorio4/controllers/Registro.java</file>
            <file>file:/C:/Users/kenne/Desktop/Laboratorio5/web/success.jsp</file>
            <file>file:/C:/Users/kenne/Desktop/Laboratorio5/web/error.jsp</file>
        </group>
    </open-files>
</project-private>
