<?xml version="1.0" encoding="UTF-8"?>
<project-private xmlns="http://www.netbeans.org/ns/project-private/1">
    <editor-bookmarks xmlns="http://www.netbeans.org/ns/editor-bookmarks/2" lastBookmarkId="0"/>
    <open-files xmlns="http://www.netbeans.org/ns/projectui-open-files/2">
        <group>
            <file>file:/C:/Users/kenne/Desktop/laboratorio9/src/java/models/Log.java</file>
            <file>file:/C:/Users/kenne/Desktop/laboratorio9/src/java/Controller/ComentariosControlador.java</file>
            <file>file:/C:/Users/kenne/Desktop/laboratorio9/src/java/models/ComentariosPOJO.java</file>
            <file>file:/C:/Users/kenne/Desktop/laboratorio9/web/index.html</file>
            <file>file:/C:/Users/kenne/Desktop/laboratorio9/web/error.jsp</file>
            <file>file:/C:/Users/kenne/Desktop/laboratorio9/src/java/models/ComentariosDAO.java</file>
            <file>file:/C:/Users/kenne/Desktop/laboratorio9/web/buscar.jsp</file>
        </group>
    </open-files>
</project-private>
